pr,task,status
623,make-it-run,triggerable
913,trig-list-noise,incompatible
984,make-ci-green,incompatible
1248,trig-plan-subagent,incompatible
2334,trig-lsp-ts,needs fixture
2367,trig-list-noise,needs fixture
3052,trig-image-read,needs fixture
3115,trig-list,triggerable
3369,make-it-run,incompatible
3418,trig-dup-edit,incompatible
4204,trig-subagent-resume,triggerable
4838,taskflow,needs fixture
5066,trig-bash-limits,triggerable
5131,trig-bash-limits,triggerable
5140,trig-workdir,triggerable
5527,make-it-run,needs fixture
6524,make-it-run,needs fixture
11731,make-it-run,triggerable
12214,trig-subagent-resume,triggerable
13090,trig-read-edge,triggerable
13198,trig-read-edge,triggerable
13269,trig-grep-trunc,triggerable
13331,trig-webfetch-image,needs fixture
17053,make-it-run,triggerable
17098,trig-skills,needs fixture
18140,,untriggerable
19058,trig-lsp-outside,needs fixture
21070,make-it-run,triggerable
22390,trig-bash-limits,triggerable
23771,trig-lsp-csharp,needs fixture
24974,trig-prompt-order,needs fixture
25226,trig-tmpdir,needs fixture
25431,trig-read-edge,triggerable
26821,trig-todo-task,triggerable
