pr,task,evidence_pattern
623,make-it-run,"""type"": ?""step[-_]finish""|type=finish-step part|\bstep finish\b"
913,trig-list-noise,"""tool"": ?""list""(?:.|\n){0,2500}""output"": ?""(?:[^""\\]|\\.)*(?:vendor/|venv/|coverage/|logs/|tmp/)|""tool"": ?""list""(?:.|\n){0,2500}""output"": ?""(?:(?!vendor/|venv/|coverage/|logs/|tmp/)(?:[^""\\]|\\.))*(?:src/|tests/)(?:(?!vendor/|venv/|coverage/|logs/|tmp/)(?:[^""\\]|\\.))*""|\|[^\n]{0,40}\bList[ \t]{2,}(?:.|\n){0,2500}(?:vendor/|venv/|coverage/|logs/|tmp/)|\|[^\n]{0,40}\bList[ \t]{2,}(?!(?:.|\n){0,2500}(?:vendor/|venv/|coverage/|logs/|tmp/))(?:.|\n){0,2500}(?:src/|tests/)"
984,make-ci-green,"""tool"": ?""(edit|multiedit)""|\| .{0,24}\bEdit {2,}"
1248,trig-plan-subagent,"""mode"": ?""plan"""
2334,trig-lsp-ts,serverID=typescript\b.*\binitialized\b
2367,trig-list-noise,"""tool"": ?""list"""
3052,trig-image-read,Image read successfully|model may not be able to read images
3115,trig-list,"""tool"": ?""list"""
3369,make-it-run + proxy fault injection,"retrying with backoff|""type"": ?""retry"""
3418,trig-dup-edit,Found multiple matches for oldString\. Include more surrounding code lines
4204,trig-subagent-followup,"<task_metadata>|""session_id"": ?""ses_"
4838,taskflow + limit.context=72000,"session\.compacted|Continue if you have next steps|""summary"": ?true"
5066,trig-bash-limits,<bash_metadata>
5131,trig-bash-limits,bash tool truncated output as it exceeded|bash tool terminated commm?and after exceeding timeout
5140,trig-workdir,"""workdir"": ?"""
5527,make-it-run + proxy fault injection,no_kv_space
6524,make-it-run,workspace/didChangeWatchedFiles
11731,make-it-run,"""type"": ?""step[-_]finish""|type=finish-step part|\bstep finish\b"
12214,trig-subagent-resume,"<task_result>|task_id: ?""?ses_|""task_id"": ?""ses_"
13090,trig-read-edge,<type>(file|directory)</type>
13198,trig-read-lines,"offset must be greater than or equal to 1|Offset [0-9]+ is out of range for this file|""offset"":\s*""?([0-9]+)""?(,[^{}]*)?\},\s*""output"":\s*""<path>[^""]*</path>\\n<type>file</type>\\n<content>\1: "
13269,trig-grep-trunc,Found [0-9]+ matches \(showing first [0-9]+\)|Results truncated: showing [0-9]+ of [0-9]+ matches|Results are truncated: showing first [0-9]+ results|Could not find oldString in the file\. It must match exactly|No changes to apply: oldString and newString are identical|Provide more surrounding context to make the match unique
13331,trig-webfetch-image,Image fetched successfully
17053,make-it-run,"""type"": ?""step[-_]finish""|type=finish-step part|\bstep finish\b"
17098,trig-skills,"""tool"": ?""skill"""
18140,any core task with model alias (untriggerable as configured),modelID=opus-5-5-fallback
19058,trig-lsp-outside,"/tmp/obench-shared-[^""\n]{0,240}touching file|touching file[^""\n]{0,240}/tmp/obench-shared-"
21070,make-it-run,<content>\\n[0-9]+: 
22390,trig-bash-limits,retry with a larger timeout value
23771,trig-lsp-csharp,"LSP errors detected in this file, please fix:\\n<diagnostics file=\\?""[^""\\]*\.cs"
24974,trig-prompt-order,GLOBAL-RULE|PROJECT-RULE
25226,trig-tmpdir,"""tool"":""bash"",(?:""callID"":""[^""]*"",)?""state"":\{""status"":""completed"",""input"":\{[^{}]*/tmp/opencode"
25431,trig-read-edge,"""offset"":\s*""?0""?(,[^{}]*)?\},\s*""output"":\s*""<path>"
26821,trig-todo-task,"""tool"": ?""(todowrite|task)"""
